timestamp,seq,temperature_c,humidity_pct,uptime_ms
2026-09-25T00:06:37.892Z,3,25.050,50.135,202
2026-09-25T00:06:38.097Z,4,25.102,50.272,408
2026-09-25T00:06:38.303Z,5,25.153,50.409,613
2026-09-25T00:06:38.508Z,6,25.204,50.545,818
2026-09-25T00:06:38.719Z,8,25.257,50.686,1030
2026-09-25T00:06:38.925Z,9,25.309,50.823,1236
2026-09-25T00:06:39.609Z,11,25.479,51.276,1919
2026-09-25T00:06:40.120Z,13,25.606,51.613,2430
2026-09-25T00:06:40.628Z,14,25.732,51.947,2939
2026-09-25T00:06:42.818Z,21,26.268,53.353,5129
2026-09-25T00:06:43.025Z,22,26.318,53.482,5335
2026-09-25T00:06:43.231Z,23,26.368,53.611,5541
2026-09-25T00:06:43.436Z,24,26.417,53.738,5747
2026-09-25T00:06:43.643Z,25,26.466,53.865,5953
